<?xml version="1.0" encoding="UTF-8"?>
<project-private xmlns="http://www.netbeans.org/ns/project-private/1">
    <editor-bookmarks xmlns="http://www.netbeans.org/ns/editor-bookmarks/2" lastBookmarkId="0"/>
    <open-files xmlns="http://www.netbeans.org/ns/projectui-open-files/2">
        <group>
            <file>file:/C:/Users/user/Documents/NetBeansProjects/WAA/web/login.xhtml</file>
            <file>file:/C:/Users/user/Documents/NetBeansProjects/WAA/web/WEB-INF/web.xml</file>
            <file>file:/C:/Users/user/Documents/NetBeansProjects/WAA/src/java/cs545/User.java</file>
            <file>file:/C:/Users/user/Documents/NetBeansProjects/WAA/web/welcome.xhtml</file>
            <file>file:/C:/Users/user/Documents/NetBeansProjects/WAA/src/conf/MANIFEST.MF</file>
        </group>
    </open-files>
</project-private>
